{
  "eil76": {
    "optimal": 538,
    "baseline": {
      "config_name": "baseline_artigo",
      "num_runs": 15,
      "best": 545.0,
      "worst": 552.0,
      "average": 548.5333333333333,
      "std": 2.6042699979499484,
      "median": 548.0,
      "gap_best": 1.3011152416356877,
      "gap_avg": 1.9578686493184578,
      "avg_time": 25.40428303082784,
      "all_values": [
        546.0,
        547.0,
        545.0,
        545.0,
        547.0,
        551.0,
        548.0,
        546.0,
        551.0,
        552.0,
        550.0,
        546.0,
        550.0,
        552.0,
        552.0
      ]
    },
    "optimized": {
      "config_name": "otimizado",
      "num_runs": 15,
      "best": 540.0,
      "worst": 548.0,
      "average": 544.4666666666667,
      "std": 2.8487814158962,
      "median": 545.0,
      "gap_best": 0.37174721189591076,
      "gap_avg": 1.2019826517967838,
      "avg_time": 127.70276651382446,
      "all_values": [
        545.0,
        540.0,
        542.0,
        541.0,
        547.0,
        548.0,
        548.0,
        541.0,
        548.0,
        548.0,
        542.0,
        545.0,
        542.0,
        546.0,
        544.0
      ]
    }
  },
  "kroB100": {
    "optimal": 22141,
    "baseline": {
      "config_name": "baseline_artigo",
      "num_runs": 15,
      "best": 22282.0,
      "worst": 22485.0,
      "average": 22382.666666666668,
      "std": 48.55878453540158,
      "median": 22386.0,
      "gap_best": 0.6368276048958945,
      "gap_avg": 1.0914893937341037,
      "avg_time": 49.301249488194784,
      "all_values": [
        22342.0,
        22387.0,
        22417.0,
        22383.0,
        22420.0,
        22347.0,
        22387.0,
        22282.0,
        22346.0,
        22331.0,
        22425.0,
        22364.0,
        22438.0,
        22386.0,
        22485.0
      ]
    },
    "optimized": {
      "config_name": "otimizado",
      "num_runs": 15,
      "best": 22157.0,
      "worst": 22404.0,
      "average": 22258.2,
      "std": 59.63913703824584,
      "median": 22249.0,
      "gap_best": 0.07226412537825753,
      "gap_avg": 0.5293347183957398,
      "avg_time": 243.98157240549725,
      "all_values": [
        22275.0,
        22184.0,
        22157.0,
        22342.0,
        22404.0,
        22209.0,
        22214.0,
        22225.0,
        22258.0,
        22287.0,
        22241.0,
        22299.0,
        22247.0,
        22249.0,
        22282.0
      ]
    }
  }
}